Time (%),Total Time (ns),Instances,Avg (ns),Med (ns),Min (ns),Max (ns),StdDev (ns),Name
23.1,55109092,2860,19268.9,17504.0,3360,49249,9231.9,sm80_xmma_fprop_implicit_gemm_indexed_wo_smem_f32f32_tf32f32_f32_nhwckrsc_nhwc_tilesize128x16x64_stage1_warpsize4x1x1_g1_tensor16x8x8_execute_kernel_trt
15.7,37308849,880,42396.4,41184.0,13728,78273,19900.6,sm80_xmma_fprop_implicit_gemm_indexed_wo_smem_f32f32_tf32f32_f32_nhwckrsc_nhwc_tilesize128x32x64_stage1_warpsize4x1x1_g1_tensor16x8x8_execute_kernel_trt
13.4,31880610,1540,20701.7,21632.0,3072,48417,13516.1,sm80_xmma_fprop_implicit_gemm_indexed_wo_smem_f32f32_tf32f32_f32_nhwckrsc_nhwc_tilesize128x16x64_stage1_warpsize4x1x1_g1_tensor16x8x8_alignc4_execute_kernel_trt
7.2,17122506,1320,12971.6,13007.0,5151,24385,6090.7,sm80_xmma_fprop_implicit_gemm_indexed_wo_smem_f32f32_tf32f32_f32_nhwckrsc_nhwc_tilesize128x32x64_stage1_warpsize4x1x1_g1_tensor16x8x8_alignc8_execute_kernel_trt
7.0,16714636,440,37987.8,35872.0,35616,43105,3091.9,sm80_xmma_fprop_implicit_gemm_f32f32_f32f32_f32_nhwckrsc_nhwc_tilesize32x32x8_stage3_warpsize1x2x1_g1_ffma_t1r3s3_aligna4_alignc4_execute_kernel_trt
3.4,8119953,220,36908.9,35905.0,35713,43167,2023.1,sm80_xmma_fprop_implicit_gemm_f32f32_f32f32_f32_nhwckrsc_nhwc_tilesize32x32x8_stage3_warpsize1x2x1_g1_ffma_aligna4_alignc4_execute_kernel_trt
3.3,7868895,1320,5961.3,5472.0,5343,8672,1135.2,sm86_xmma_gemm_f32f32_tf32f32_f32_tn_n_tilesize64x64x64_stage3_warpsize2x2x1_tensor16x8x8_execute_kernel_trt
3.3,7807320,1760,4436.0,3136.0,2784,9280,2080.8,sm86_xmma_gemm_f32f32_tf32f32_f32_tn_n_tilesize64x32x64_stage4_warpsize2x2x1_tensor16x8x8_execute_kernel_trt
3.0,7115157,1100,6468.3,5472.0,5312,24256,1633.7,sm80_xmma_gemm_f32f32_tf32f32_f32_tn_n_tilesize128x64x16_stage6_warpsize2x2x1_tensor16x8x8_execute_kernel_trt
2.3,5475880,660,8296.8,9728.0,2400,15232,4295.9,sm50_xmma_pooling_fw_4d_FP32FP32NHWC_Max_CAlign4_execute_kernel_trt
2.0,4755493,1100,4323.2,4000.5,2592,5727,1069.7,sm80_xmma_gemm_f32f32_tf32f32_f32_tn_n_tilesize64x32x64_stage4_warpsize2x1x2_tensor16x8x8_execute_kernel_trt
1.6,3732614,880,4241.6,3648.0,3455,7808,1470.1,sm80_xmma_gemm_f32f32_f32f32_f32_nn_n_tilesize32x32x8_stage3_warpsize1x2x1_ffma_aligna4_alignc4_execute_kernel_trt
1.4,3401733,660,5154.1,3232.0,2112,28480,5079.1,sm86_xmma_gemm_f32f32_tf32f32_f32_tn_n_tilesize32x32x64_stage6_warpsize2x2x1_tensor16x8x8_execute_kernel_trt
1.0,2442317,220,11101.4,8544.5,5472,32065,5394.0,sm80_xmma_gemm_f32f32_tf32f32_f32_nn_n_tilesize64x128x16_stage4_warpsize2x2x1_tensor16x8x8_execute_kernel_trt
0.9,2123360,1100,1930.3,1696.0,1632,4000,437.4,__myl_Silu_0x136a4a59c4e8b33d39c3c9376658cc6a
0.8,1915833,660,2902.8,2944.0,2048,4288,573.5,sm80_xmma_gemm_f32f32_tf32f32_f32_tn_n_tilesize32x32x64_stage3_warpsize2x1x2_tensor16x8x8_execute_kernel_trt
0.8,1832317,1760,1041.1,928.0,896,3296,269.6,__myl_Silu_0x25c390081c520e44e175d8e2c41de9a4
0.8,1795613,440,4080.9,4064.0,4000,4383,49.1,sm86_xmma_gemm_f32f32_tf32f32_f32_nn_n_tilesize32x32x64_stage6_warpsize2x2x1_tensor16x8x8_execute_kernel_trt
0.5,1307986,440,2972.7,2944.0,2752,3392,141.9,__myl_Silu_0xdb50fdd8322be99621eb8baebc362e9f
0.5,1304152,1100,1185.6,960.0,928,3552,451.2,__myl_Silu_0x654f1c00be647c89bcccf59d80763633
0.5,1258647,220,5721.1,5792.0,5120,6272,280.9,__myl_Silu_0xb36d0f3a89ab410a438333586039e73f
0.5,1155181,880,1312.7,1312.0,1280,1472,22.2,__myl_Silu_0x12ff93aa0978890aa5b8a93750257d04
0.4,886800,440,2015.5,2016.0,1664,3072,274.4,__myl_Silu_0xc0913e9b892e4b9093c4c7ac6054aa58
0.4,870708,660,1319.3,1312.0,1280,1472,20.0,__myl_Silu_0x11f3677ed7a1f46e666181e3aff80986
0.4,842636,880,957.5,928.0,896,1312,67.2,__myl_Silu_0x2bd43ff7ef41bd2812f9d7203876905a
0.3,826184,880,938.8,928.0,896,1088,24.4,__myl_Silu_0xdb1a0b220b52fb076ee547dde62c634a
0.3,747787,220,3399.0,3360.0,3008,4384,144.1,__myl_MoveSlicTranSlicSlicSlicTranSlicSlicConc_0x517eb8cb37831cdb8df473a08883497a
0.3,746041,220,3391.1,3360.0,3231,4383,192.3,sm80_xmma_fprop_implicit_gemm_indexed_wo_smem_f32f32_tf32f32_f32_nhwckrsc_nhwc_tilesize128x16x32_stage1_warpsize4x1x1_g1_tensor16x8x8_execute_kernel_trt
0.3,725894,660,1099.8,960.0,928,1889,291.4,__myl_Silu_0x9ad10659aa2b67041a18ace52dd7dce2
0.3,724392,440,1646.3,1600.0,1536,2016,94.1,__myl_SiluAdd_0x4fb327ea939c98db866d848445be7e33
0.3,712776,220,3239.9,3296.0,2432,5056,405.2,sm80_xmma_gemm_f32f32_tf32f32_f32_tn_n_tilesize32x32x64_stage3_warpsize2x2x1_tensor16x8x8_aligna4_alignc4_execute_kernel_trt
0.3,670529,880,762.0,768.0,736,928,20.4,__myl_Silu_0x651a74bc12cd1639677be820ffe3056a
0.3,618261,440,1405.1,1344.0,1312,2592,163.0,__myl_Silu_0xf6c24bd5b6098ca532e4add92e5bea11
0.3,604975,440,1374.9,1344.0,1312,1920,140.7,__myl_Silu_0x2b87c58c07aff96c431eefd4f52f4a80
0.2,555813,220,2526.4,2624.0,1664,3200,330.1,__myl_Silu_0x3bc9361ada2ba1004d041e4acb5a01ac
0.2,540332,220,2456.1,2592.0,2176,3008,233.4,__myl_ExpMulAddMulConc_0xf417b637cbbfa0b1b78cb22abeadb946
0.2,506281,220,2301.3,2320.0,1792,2816,233.5,__myl_Silu_0x5ec6e58ee1dec63499f3c59e40d57628
0.2,491880,660,745.3,704.0,640,1760,93.7,__myl_Silu_0x5158ea2fb0b6e28159753c37487b8ce0
0.2,488198,440,1109.5,1056.0,1024,1408,89.3,__myl_SiluAdd_0xb908a691d5e6c23e091dba458d8f0020
0.2,475781,220,2162.6,2208.0,2048,2496,100.3,__myl_SigmSigmConcReshSlicSigmSigmConcReshSlicSigmSigmConcReshConcTranSlicSlicSlic_0xdf8345f84976535a2fc6343c9ea2e3db
0.2,474983,220,2159.0,2176.0,1984,2464,91.0,__myl_SiluAdd_0x1ba61a445cd224ca3b2f4a753d254ff8
0.2,410152,440,932.2,896.0,768,1568,217.0,__myl_Silu_0x1ea57943a4cfb529adc530c43aeb4c08
0.2,391690,220,1780.4,1824.0,1632,2080,101.3,__myl_Silu_0xf1fb6f5171466333570779c20c0b057a
0.2,379111,220,1723.2,1760.0,1600,2016,88.3,__myl_Silu_0x2f4d909352cf17d3d266e8308b4ed007
0.2,373731,220,1698.8,1728.0,1568,1920,86.5,__myl_SiluAdd_0x5fece6eb9763508f9fcb41766abf660e
0.1,353028,220,1604.7,1664.0,1472,1888,99.4,__myl_MoveResi_0xbd9a2c18ad67126314f51c306c8fb664
0.1,342242,440,777.8,768.0,736,928,16.4,__myl_Silu_0xad820aa164fbc22a8c46f7c6f8862748
0.1,336905,440,765.7,768.0,736,1024,22.9,__myl_Silu_0xcef7a81dac4d53abd39e87dd4abea68e
0.1,324487,440,737.5,704.0,640,1120,85.0,__myl_Silu_0x3e47cdb49acc696dd7e77237d72b0526
0.1,315076,220,1432.2,1504.0,1312,1664,96.9,__myl_Silu_0xf68d64267037283c87fbf115e52eccef
0.1,313060,220,1423.0,1472.0,1312,1601,92.0,__myl_Silu_0xb43900684ebb8a0b0959746ccf7cb34b
0.1,301668,220,1371.2,1408.0,1280,1600,81.9,__myl_MoveResi_0x1c41f84f4fc01e6917690cb86fe9c4f0
0.1,259651,220,1180.2,1216.0,1056,1376,84.7,__myl_SiluAdd_0xb676e1cd4bef5afd11b47455f3ddafa7
0.1,189539,220,861.5,896.0,768,1120,87.6,__myl_Silu_0xef47977b3877a67641ce6036c7230430
