Time (%),Total Time (ns),Instances,Avg (ns),Med (ns),Min (ns),Max (ns),StdDev (ns),Style,Range
33.5,980204000,120,8168366.7,949301.0,886359,867506799,79105727.5,PushPop,:postprocess
18.6,542802818,1,542802818.0,542802818.0,542802818,542802818,0.0,PushPop,:timed_frames
16.0,467859889,1,467859889.0,467859889.0,467859889,467859889,0.0,PushPop,:session_run_numpy
6.5,188919155,120,1574326.3,1561674.0,1537559,1806951,35728.1,PushPop,:decode
4.9,143035177,120,1191959.8,1130519.0,1105547,7103714,545995.8,PushPop,:inference
4.6,133628319,120,1113569.3,707906.5,642122,3811396,636160.7,PushPop,:preprocess
3.5,102127559,220,464216.2,448345.0,419447,1947682,106113.8,PushPop,TensorRT:ExecutionContext::enqueueV3
3.4,99521254,220,452369.3,442377.5,414346,701285,36039.3,PushPop,TensorRT:{ForeignNode[/backbone/backbone/stem/Slice_3.../head/Concat_11]}
3.3,96759418,220,439815.5,430465.0,404102,668167,34041.5,StartEnd,myelin-exec:myelinGraphExecute 
1.1,32671314,120,272261.0,263021.5,249252,576954,35913.2,PushPop,:h2d
1.0,29007959,120,241733.0,230583.0,220857,380472,22490.9,PushPop,:d2h
0.3,8395506,1,8395506.0,8395506.0,8395506,8395506,0.0,StartEnd,:myelinGraphDeserializeBinary
0.2,6494716,1,6494716.0,6494716.0,6494716,6494716,0.0,StartEnd,myelin-exec:myelinGraphLoadPersistent
0.1,1718426,220,7811.0,7266.0,5516,25310,2000.9,PushPop,myelin-exec:__myl_MoveSlicTranSlicSlicSlicTranSlicSlicConc_myl0_5
0.0,1251804,220,5690.0,5307.5,4483,16155,1413.0,PushPop,myelin-exec:/backbone/backbone/stem/conv/conv/Conv_myl0_6
0.0,1069749,220,4862.5,4551.5,3951,12077,987.4,PushPop,myelin-exec:/backbone/backbone/dark3/dark3.1/conv2/conv/Conv+/backbone/backbone/dark3/dark3.1/conv1/conv/Conv_myl0_25
0.0,1038918,1,1038918.0,1038918.0,1038918,1038918,0.0,StartEnd,myelin-exec:myelinGraphUnloadPersistent
0.0,951740,220,4326.1,4114.5,3333,12153,993.2,PushPop,myelin-exec:__mye12976_myl0_0
0.0,680060,220,3091.2,2999.0,2600,7466,501.6,PushPop,myelin-exec:/backbone/backbone/dark2/dark2.1/m/m.0/conv1/conv/Conv_myl0_13
0.0,675373,220,3069.9,3011.0,2417,7726,493.9,PushPop,myelin-exec:/head/obj_preds.0/Conv_myl0_204
0.0,675134,220,3068.8,2977.5,2404,6115,472.1,PushPop,myelin-exec:/head/reg_preds.2/Conv_myl0_169
0.0,668665,220,3039.4,2971.0,2545,6419,438.2,PushPop,myelin-exec:/backbone/backbone/dark4/dark4.0/conv/Conv_myl0_46
0.0,668149,220,3037.0,2943.5,2362,6836,563.1,PushPop,myelin-exec:/backbone/backbone/dark2/dark2.0/conv/Conv_myl0_8
0.0,666739,220,3030.6,2906.5,2538,7524,497.1,PushPop,myelin-exec:/backbone/backbone/dark5/dark5.2/m/m.0/conv2/conv/Conv_myl0_87
0.0,663805,220,3017.3,2932.0,2481,5251,375.6,PushPop,myelin-exec:/backbone/backbone/dark5/dark5.1/m.2/MaxPool_myl0_74
0.0,659643,220,2998.4,2924.0,2464,5525,409.7,PushPop,myelin-exec:/backbone/backbone/dark3/dark3.1/m/m.0/conv2/conv/Conv_myl0_30
0.0,652248,220,2964.8,2864.0,2427,6544,562.6,PushPop,myelin-exec:/backbone/backbone/dark3/dark3.1/conv3/conv/Conv_myl0_44
0.0,650015,220,2954.6,2821.0,2103,7103,624.1,StartEnd,myelin-exec:myelinGraphLoad
0.0,642969,220,2922.6,2837.0,2400,5561,398.4,PushPop,myelin-exec:/backbone/backbone/dark5/dark5.1/conv1/conv/Conv_myl0_71
0.0,641419,220,2915.5,2805.0,2351,9656,660.4,PushPop,myelin-exec:/backbone/bu_conv2/conv/Conv_myl0_128
0.0,637165,220,2896.2,2840.5,2325,5024,360.1,PushPop,myelin-exec:/backbone/backbone/dark4/dark4.1/conv2/conv/Conv+/backbone/backbone/dark4/dark4.1/conv1/conv/Conv_myl0_48
0.0,634226,220,2882.8,2768.5,2141,7278,637.0,PushPop,myelin-exec:__myl_Silu_myl0_17
0.0,632738,220,2876.1,2840.0,2249,4029,284.7,PushPop,myelin-exec:/backbone/backbone/dark3/dark3.1/m/m.2/conv2/conv/Conv_myl0_38
0.0,632301,220,2874.1,2795.0,2334,5867,447.7,PushPop,myelin-exec:/backbone/backbone/dark4/dark4.1/m/m.0/conv1/conv/Conv_myl0_51
0.0,631872,220,2872.1,2780.5,2277,6178,442.0,PushPop,myelin-exec:/backbone/backbone/dark3/dark3.1/m/m.0/conv1/conv/Conv_myl0_28
0.0,624550,220,2838.9,2767.0,2430,3955,274.6,PushPop,myelin-exec:/head/stems.0/conv/Conv_myl0_192
0.0,619993,220,2818.2,2741.5,2338,6265,431.3,PushPop,myelin-exec:/backbone/backbone/dark2/dark2.1/conv2/conv/Conv+/backbone/backbone/dark2/dark2.1/conv1/conv/Conv_myl0_10
0.0,614214,220,2791.9,2742.0,2380,5001,308.0,PushPop,myelin-exec:/backbone/bu_conv1/conv/Conv_myl0_139
0.0,613830,220,2790.1,2749.0,2277,7199,385.3,PushPop,myelin-exec:/backbone/backbone/dark3/dark3.1/m/m.1/conv2/conv/Conv_myl0_34
0.0,611706,220,2780.5,2750.0,2333,7199,368.9,PushPop,myelin-exec:/backbone/backbone/dark2/dark2.1/m/m.0/conv2/conv/Conv_myl0_15
0.0,610629,220,2775.6,2715.0,2259,5055,297.2,PushPop,myelin-exec:/head/reg_convs.2/reg_convs.2.0/conv/Conv+/head/cls_convs.2/cls_convs.2.0/conv/Conv_myl0_158
0.0,606588,220,2757.2,2717.0,2224,6562,365.4,PushPop,myelin-exec:/head/reg_convs.2/reg_convs.2.1/conv/Conv_myl0_162
0.0,605969,220,2754.4,2646.5,2294,7993,492.3,PushPop,myelin-exec:/backbone/backbone/dark5/dark5.2/m/m.0/conv1/conv/Conv_myl0_85
0.0,605702,220,2753.2,2677.0,2342,6738,411.1,PushPop,myelin-exec:__mye12978_myl0_221
0.0,604695,220,2748.6,2634.5,2346,4877,375.2,PushPop,myelin-exec:/backbone/C3_p3/m/m.0/conv2/conv/Conv_myl0_119
0.0,603920,220,2745.1,2679.5,2269,7287,432.8,PushPop,myelin-exec:/backbone/backbone/dark5/dark5.1/conv2/conv/Conv_myl0_80
0.0,602898,220,2740.4,2708.5,2289,4075,231.6,PushPop,myelin-exec:/head/cls_convs.2/cls_convs.2.1/conv/Conv_myl0_171
0.0,602896,220,2740.4,2688.5,2232,5653,375.7,PushPop,myelin-exec:/backbone/C3_p4/m/m.0/conv1/conv/Conv_myl0_101
0.0,602313,220,2737.8,2745.5,2310,3969,225.3,PushPop,myelin-exec:/head/cls_preds.1/Conv_myl0_188
0.0,601915,220,2736.0,2716.5,2260,4075,246.3,PushPop,myelin-exec:/backbone/backbone/dark5/dark5.2/conv3/conv/Conv_myl0_93
0.0,601371,220,2733.5,2679.5,2308,5106,302.0,PushPop,myelin-exec:/backbone/backbone/dark4/dark4.1/m/m.0/conv2/conv/Conv_myl0_53
0.0,600199,220,2728.2,2672.5,2335,5765,325.7,PushPop,myelin-exec:/backbone/backbone/dark4/dark4.1/conv3/conv/Conv_myl0_67
0.0,599493,220,2725.0,2686.5,2268,3575,252.5,PushPop,myelin-exec:/backbone/lateral_conv0/conv/Conv_myl0_95
0.0,598924,220,2722.4,2695.5,2342,3923,221.3,PushPop,myelin-exec:/backbone/backbone/dark2/dark2.1/conv3/conv/Conv_myl0_21
0.0,598814,220,2721.9,2638.0,2270,5522,359.8,PushPop,myelin-exec:/head/cls_preds.0/Conv_myl0_211
0.0,598680,220,2721.3,2687.0,2334,4130,255.9,PushPop,myelin-exec:/backbone/C3_p4/m/m.0/conv2/conv/Conv_myl0_103
0.0,596713,220,2712.3,2660.0,2282,6099,370.6,PushPop,myelin-exec:/head/obj_preds.2/Conv_myl0_167
0.0,592116,220,2691.4,2649.0,2299,5220,272.4,PushPop,myelin-exec:/head/reg_convs.0/reg_convs.0.0/conv/Conv+/head/cls_convs.0/cls_convs.0.0/conv/Conv_myl0_194
0.0,590128,220,2682.4,2642.0,2268,3986,252.3,PushPop,myelin-exec:/backbone/C3_p4/conv3/conv/Conv_myl0_109
0.0,589662,220,2680.3,2599.5,2238,4550,318.8,PushPop,myelin-exec:/backbone/reduce_conv1/conv/Conv_myl0_111
0.0,589175,220,2678.1,2610.0,2300,6687,384.4,PushPop,myelin-exec:/backbone/C3_p3/conv2/conv/Conv+/backbone/C3_p3/conv1/conv/Conv_myl0_114
0.0,588608,220,2675.5,2610.0,2217,5511,348.6,PushPop,myelin-exec:/backbone/C3_n4/conv3/conv/Conv_myl0_152
0.0,587036,220,2668.3,2598.5,2119,5635,395.4,PushPop,myelin-exec:/backbone/backbone/dark3/dark3.1/m/m.1/conv1/conv/Conv_myl0_32
0.0,586723,220,2666.9,2619.0,2231,3815,226.6,PushPop,myelin-exec:/head/reg_preds.0/Conv_myl0_206
0.0,586413,220,2665.5,2647.5,2263,3623,218.3,PushPop,myelin-exec:/head/reg_convs.0/reg_convs.0.1/conv/Conv_myl0_198
0.0,585856,220,2663.0,2596.5,2250,6157,360.7,PushPop,myelin-exec:/head/reg_preds.1/Conv_myl0_182
0.0,585795,220,2662.7,2619.5,2254,5003,280.5,PushPop,myelin-exec:/head/reg_convs.1/reg_convs.1.1/conv/Conv_myl0_180
0.0,583330,220,2651.5,2586.5,2249,5836,323.3,PushPop,myelin-exec:/backbone/C3_p4/conv2/conv/Conv+/backbone/C3_p4/conv1/conv/Conv_myl0_98
0.0,583296,220,2651.3,2604.5,2240,5048,277.9,PushPop,myelin-exec:/backbone/C3_n4/m/m.0/conv2/conv/Conv_myl0_146
0.0,581674,220,2644.0,2627.0,2240,4042,232.6,PushPop,myelin-exec:/head/stems.1/conv/Conv_myl0_174
0.0,581321,220,2642.4,2596.5,2201,6156,320.1,PushPop,myelin-exec:/backbone/C3_n3/conv2/conv/Conv+/backbone/C3_n3/conv1/conv/Conv_myl0_130
0.0,581079,220,2641.3,2518.5,2256,5461,435.3,PushPop,myelin-exec:/backbone/backbone/dark4/dark4.1/m/m.1/conv1/conv/Conv_myl0_55
0.0,580563,220,2638.9,2559.0,2221,5962,364.7,PushPop,myelin-exec:/backbone/C3_n4/conv2/conv/Conv+/backbone/C3_n4/conv1/conv/Conv_myl0_141
0.0,579335,220,2633.3,2598.0,2258,4524,281.3,PushPop,myelin-exec:/backbone/C3_p3/conv3/conv/Conv_myl0_125
0.0,579070,220,2632.1,2589.5,2276,4200,252.0,PushPop,myelin-exec:/head/reg_convs.1/reg_convs.1.0/conv/Conv+/head/cls_convs.1/cls_convs.1.0/conv/Conv_myl0_176
0.0,579020,220,2631.9,2557.0,2230,6029,354.3,PushPop,myelin-exec:/backbone/backbone/dark3/dark3.0/conv/Conv_myl0_23
0.0,576379,220,2619.9,2516.5,2248,11307,675.6,PushPop,myelin-exec:/backbone/C3_n3/conv3/conv/Conv_myl0_137
0.0,575300,220,2615.0,2574.0,2195,3598,227.9,PushPop,myelin-exec:/backbone/backbone/dark5/dark5.0/conv/Conv_myl0_69
0.0,574630,220,2612.0,2582.0,2264,4590,267.5,PushPop,myelin-exec:/backbone/C3_n3/m/m.0/conv1/conv/Conv_myl0_132
0.0,574570,220,2611.7,2563.0,2185,5259,314.5,PushPop,myelin-exec:/backbone/backbone/dark4/dark4.1/m/m.2/conv1/conv/Conv_myl0_59
0.0,573529,220,2606.9,2510.5,2118,7355,448.6,PushPop,myelin-exec:/backbone/C3_n4/m/m.0/conv1/conv/Conv_myl0_144
0.0,570804,220,2594.6,2543.5,2170,3809,260.0,PushPop,myelin-exec:/backbone/backbone/dark5/dark5.2/conv2/conv/Conv+/backbone/backbone/dark5/dark5.2/conv1/conv/Conv_myl0_82
0.0,568757,220,2585.3,2546.5,2136,3626,269.0,PushPop,myelin-exec:/backbone/backbone/dark3/dark3.1/m/m.2/conv1/conv/Conv_myl0_36
0.0,568453,220,2583.9,2530.0,2190,5832,328.9,PushPop,myelin-exec:/backbone/backbone/dark4/dark4.1/m/m.2/conv2/conv/Conv_myl0_61
0.0,565678,220,2571.3,2513.5,2231,5422,331.0,PushPop,myelin-exec:/head/cls_convs.1/cls_convs.1.1/conv/Conv_myl0_184
0.0,565505,220,2570.5,2519.0,2179,5743,306.2,PushPop,myelin-exec:/backbone/backbone/dark5/dark5.1/m.1/MaxPool_myl0_76
0.0,562139,220,2555.2,2514.5,2019,4234,317.3,PushPop,myelin-exec:__myl_Silu_myl0_161
0.0,561748,220,2553.4,2520.0,2191,5656,316.3,PushPop,myelin-exec:/head/obj_preds.1/Conv_myl0_189
0.0,561653,220,2553.0,2526.0,2188,3364,199.7,PushPop,myelin-exec:/backbone/C3_n3/m/m.0/conv2/conv/Conv_myl0_134
0.0,557158,220,2532.5,2453.5,2133,4262,308.4,PushPop,myelin-exec:/backbone/backbone/dark4/dark4.1/m/m.1/conv2/conv/Conv_myl0_57
0.0,556243,220,2528.4,2498.0,2148,5898,323.8,PushPop,myelin-exec:/head/cls_convs.0/cls_convs.0.1/conv/Conv_myl0_209
0.0,556031,220,2527.4,2478.0,2103,6241,427.1,PushPop,myelin-exec:__myl_Silu_myl0_7
0.0,554144,220,2518.8,2451.0,2078,5111,356.4,PushPop,myelin-exec:__myl_SigmSigmConcReshSlicSigmSigmConcReshSlicSigmSigmConcReshConcTranSlicSlicSlic_myl0_217
0.0,553981,220,2518.1,2479.5,2226,3850,233.9,PushPop,myelin-exec:/head/stems.2/conv/Conv_myl0_156
0.0,549032,220,2495.6,2429.0,1968,5958,424.5,PushPop,myelin-exec:__myl_Silu_myl0_148
0.0,542632,220,2466.5,2406.5,2136,6088,388.0,PushPop,myelin-exec:/head/cls_preds.2/Conv_myl0_173
0.0,542000,220,2463.6,2385.0,2106,4959,363.8,PushPop,myelin-exec:__myl_Silu_myl0_12
0.0,534202,220,2428.2,2363.5,2112,3591,235.5,PushPop,myelin-exec:/backbone/C3_p3/m/m.0/conv1/conv/Conv_myl0_117
0.0,530355,220,2410.7,2318.5,1992,5112,383.5,PushPop,myelin-exec:__myl_Silu_myl0_40
0.0,527694,220,2398.6,2347.5,2005,7045,412.8,PushPop,myelin-exec:/backbone/backbone/dark5/dark5.1/m.0/MaxPool_myl0_78
0.0,521573,220,2370.8,2317.5,1912,3875,295.4,PushPop,myelin-exec:__myl_Silu_myl0_63
0.0,512674,220,2330.3,2286.5,1952,4275,282.8,PushPop,myelin-exec:__myl_Silu_myl0_89
0.0,504373,220,2292.6,2213.0,1917,6134,403.5,PushPop,myelin-exec:__myl_Silu_myl0_27
0.0,500503,220,2275.0,2238.5,1929,3888,232.7,PushPop,myelin-exec:__myl_Silu_myl0_9
0.0,496170,220,2255.3,2192.5,1845,8672,499.2,PushPop,myelin-exec:__myl_SiluAdd_myl0_42
0.0,494693,220,2248.6,2205.5,1898,5991,341.9,PushPop,myelin-exec:__myl_Silu_myl0_197
0.0,491936,220,2236.1,2193.5,1828,5856,334.3,PushPop,myelin-exec:__myl_SiluAdd_myl0_19
0.0,488320,220,2219.6,2155.0,1828,5577,366.4,PushPop,myelin-exec:__myl_Silu_myl0_29
0.0,487684,220,2216.7,2133.5,1877,5282,361.0,PushPop,myelin-exec:__myl_Silu_myl0_14
0.0,484307,220,2201.4,2149.0,1815,5151,369.2,PushPop,myelin-exec:__myl_Silu_myl0_45
0.0,480346,220,2183.4,2132.5,1820,3714,249.5,PushPop,myelin-exec:__myl_SiluAdd_myl0_65
0.0,479385,220,2179.0,2092.0,1887,5589,429.8,PushPop,myelin-exec:__myl_Silu_myl0_50
0.0,472014,220,2145.5,2083.0,1803,4917,296.4,PushPop,myelin-exec:__myl_MoveResi_myl0_97
0.0,471856,220,2144.8,2085.0,1782,4607,278.6,PushPop,myelin-exec:__myl_Silu_myl0_121
0.0,470807,220,2140.0,2060.0,1773,5541,443.6,PushPop,myelin-exec:__myl_Silu_myl0_47
0.0,466257,220,2119.3,2035.0,1844,3490,253.1,PushPop,myelin-exec:__myl_Silu_myl0_84
0.0,464885,220,2113.1,2113.0,1803,5219,270.0,PushPop,myelin-exec:__myl_Silu_myl0_187
0.0,463797,220,2108.2,2044.5,1732,5091,330.2,PushPop,myelin-exec:__myl_SiluAdd_myl0_31
0.0,462822,220,2103.7,2080.0,1752,3264,217.8,PushPop,myelin-exec:__myl_Silu_myl0_157
0.0,462607,220,2102.8,2008.0,1179,7115,603.7,PushPop,myelin-exec:entry^bb^signal^2_myl0_1
0.0,461907,220,2099.6,2019.5,1771,5083,375.5,PushPop,myelin-exec:__myl_SiluAdd_myl0_54
0.0,461152,220,2096.1,2061.5,1892,2980,137.3,PushPop,myelin-exec:__myl_Silu_myl0_179
0.0,460484,220,2093.1,2041.5,1771,5445,311.5,PushPop,myelin-exec:__myl_ExpMulAddMulConc_myl0_218
0.0,460419,220,2092.8,2050.0,1793,4880,275.0,PushPop,myelin-exec:__myl_Silu_myl0_68
0.0,459822,220,2090.1,2052.0,1778,3460,223.2,PushPop,myelin-exec:__myl_Silu_myl0_91
0.0,459564,220,2088.9,2007.0,1791,4589,327.5,PushPop,myelin-exec:__myl_Silu_myl0_107
0.0,459192,220,2087.2,2053.0,1782,3322,191.7,PushPop,myelin-exec:__myl_Silu_myl0_105
0.0,458962,220,2086.2,2079.5,1818,4454,220.8,PushPop,myelin-exec:__myl_Silu_myl0_201
0.0,458941,220,2086.1,2024.0,1819,4378,268.2,PushPop,myelin-exec:__myl_Silu_myl0_72
0.0,456325,220,2074.2,2029.5,1755,5425,319.3,PushPop,myelin-exec:__myl_Silu_myl0_155
0.0,455885,220,2072.2,2022.5,1726,3775,188.4,PushPop,myelin-exec:__myl_Silu_myl0_170
0.0,455780,220,2071.7,2022.5,1776,3347,207.3,PushPop,myelin-exec:__myl_Silu_myl0_70
0.0,453481,220,2061.3,2012.0,1758,5156,309.7,PushPop,myelin-exec:__myl_Silu_myl0_24
0.0,447864,220,2035.7,1950.5,1773,4654,298.1,PushPop,myelin-exec:__myl_Silu_myl0_86
0.0,447181,220,2032.6,1971.5,1765,4123,247.8,PushPop,myelin-exec:__myl_Silu_myl0_52
0.0,444065,220,2018.5,1967.0,1731,3336,229.8,PushPop,myelin-exec:__myl_MoveResi_myl0_113
0.0,439445,220,1997.5,1900.0,1681,7289,542.0,PushPop,myelin-exec:__myl_SiluAdd_myl0_35
0.0,437816,220,1990.1,1969.0,1720,3080,166.5,PushPop,myelin-exec:__myl_Silu_myl0_165
0.0,436288,220,1983.1,1924.0,1721,5041,287.0,PushPop,myelin-exec:__myl_Silu_myl0_123
0.0,435405,220,1979.1,1944.0,1694,4557,301.4,PushPop,myelin-exec:__myl_Silu_myl0_33
0.0,430640,220,1957.5,1913.5,1727,5757,316.8,PushPop,myelin-exec:__myl_Silu_myl0_37
0.0,428528,220,1947.9,1911.0,1683,4738,240.0,PushPop,myelin-exec:__myl_Silu_myl0_208
0.0,427473,220,1943.1,1901.5,1701,4912,257.4,PushPop,myelin-exec:__myl_Silu_myl0_96
0.0,426314,220,1937.8,1905.5,1727,2578,137.0,PushPop,myelin-exec:__myl_Silu_myl0_193
0.0,424993,220,1931.8,1901.5,1697,3045,180.1,PushPop,myelin-exec:__myl_Silu_myl0_126
0.0,424910,220,1931.4,1899.5,1703,3792,191.2,PushPop,myelin-exec:__myl_Silu_myl0_143
0.0,424684,220,1930.4,1910.0,1691,3250,155.8,PushPop,myelin-exec:__myl_Silu_myl0_131
0.0,424543,220,1929.7,1902.5,1695,3183,171.2,PushPop,myelin-exec:__myl_Silu_myl0_81
0.0,424475,220,1929.4,1895.0,1689,4958,277.1,PushPop,myelin-exec:__myl_Silu_myl0_22
0.0,423637,220,1925.6,1894.5,1696,3136,187.5,PushPop,myelin-exec:__myl_Silu_myl0_172
0.0,423249,220,1923.9,1877.5,1712,4766,262.8,PushPop,myelin-exec:__myl_Silu_myl0_145
0.0,422008,220,1918.2,1892.0,1653,2849,141.5,PushPop,myelin-exec:__myl_Silu_myl0_129
0.0,421044,220,1913.8,1882.0,1679,4730,242.2,PushPop,myelin-exec:__myl_Silu_myl0_60
0.0,420661,220,1912.1,1870.5,1729,3002,148.8,PushPop,myelin-exec:__myl_Silu_myl0_116
0.0,419766,220,1908.0,1879.0,1721,3042,158.5,PushPop,myelin-exec:__myl_Silu_myl0_112
0.0,419569,220,1907.1,1866.5,1701,5139,259.8,PushPop,myelin-exec:__myl_Silu_myl0_133
0.0,418087,220,1900.4,1851.5,1699,4085,230.3,PushPop,myelin-exec:__myl_Silu_myl0_118
0.0,417957,220,1899.8,1881.5,1674,4378,216.2,PushPop,myelin-exec:__myl_Silu_myl0_94
0.0,417860,220,1899.4,1876.0,1671,2365,128.5,PushPop,myelin-exec:__myl_Silu_myl0_100
0.0,416926,220,1895.1,1839.5,1658,2843,176.8,PushPop,myelin-exec:__myl_Silu_myl0_210
0.0,415348,220,1887.9,1868.5,1684,3091,160.5,PushPop,myelin-exec:__myl_Silu_myl0_135
0.0,415291,220,1887.7,1825.5,1656,3635,219.6,PushPop,myelin-exec:__myl_Silu_myl0_175
0.0,411435,220,1870.2,1842.5,1638,2861,142.5,PushPop,myelin-exec:__myl_SiluAdd_myl0_58
0.0,410098,220,1864.1,1824.5,1669,3178,185.5,PushPop,myelin-exec:__myl_Silu_myl0_183
0.0,409803,220,1862.7,1846.0,1692,2248,106.4,PushPop,myelin-exec:__myl_Silu_myl0_102
0.0,409433,220,1861.1,1839.0,1628,2348,111.1,PushPop,myelin-exec:__myl_Silu_myl0_181
0.0,409135,220,1859.7,1814.5,1657,4376,221.1,PushPop,myelin-exec:__myl_Silu_myl0_140
0.0,407913,220,1854.2,1798.5,1649,4369,249.0,PushPop,myelin-exec:__myl_Silu_myl0_138
0.0,407808,220,1853.7,1821.0,1654,2933,149.6,PushPop,myelin-exec:__myl_Silu_myl0_150
0.0,407217,220,1851.0,1822.5,1672,2756,122.3,PushPop,myelin-exec:__myl_Silu_myl0_110
0.0,406275,220,1846.7,1795.0,1658,4812,271.3,PushPop,myelin-exec:__myl_Silu_myl0_136
0.0,405813,220,1844.6,1821.0,1655,3053,147.1,PushPop,myelin-exec:__myl_Silu_myl0_56
0.0,376007,220,1709.1,1622.0,1296,4109,339.8,StartEnd,myelin-exec:myelinGraphUnload
0.0,281719,220,1280.5,1220.5,876,4516,386.3,PushPop,myelin-exec:entry^bb^wait^5_myl0_2
0.0,139429,220,633.8,606.5,292,2851,306.3,PushPop,myelin-exec:entry^bb^wait^4_myl0_3
0.0,115836,220,526.5,498.0,366,3307,212.8,PushPop,myelin-exec:__mye12401_myl0_16
0.0,115196,220,523.6,512.0,344,2686,172.5,PushPop,myelin-exec:__mye12399_myl0_11
0.0,104323,220,474.2,420.0,299,5593,445.2,PushPop,myelin-exec:__mye12403_myl0_18
0.0,104226,220,473.8,445.0,320,3747,291.7,PushPop,myelin-exec:__mye12415_myl0_49
0.0,103066,220,468.5,421.0,307,4906,376.0,PushPop,myelin-exec:__mye12407_myl0_26
0.0,98674,220,448.5,411.0,287,5416,352.7,PushPop,myelin-exec:entry^bb^wait^2_myl0_4
0.0,95867,220,435.8,404.0,321,917,109.1,PushPop,myelin-exec:__mye12457_myl0_147
0.0,95629,220,434.7,421.0,298,1742,145.8,PushPop,myelin-exec:__mye12419_myl0_64
0.0,94333,220,428.8,414.0,304,1622,134.8,PushPop,myelin-exec:__mye12489_myl0_191
0.0,94100,220,427.7,410.0,289,1355,113.6,PushPop,myelin-exec:__mye12451_myl0_122
0.0,92687,220,421.3,358.0,279,1741,170.8,PushPop,myelin-exec:__mye12465_myl0_154
0.0,91648,220,416.6,383.0,308,3011,242.9,PushPop,myelin-exec:__mye12409_myl0_39
0.0,91263,220,414.8,372.5,303,1630,167.8,PushPop,myelin-exec:__mye12439_myl0_99
0.0,91055,220,413.9,396.5,288,770,85.2,PushPop,myelin-exec:__mye12431_myl0_83
0.0,91052,220,413.9,351.5,260,3699,386.3,PushPop,myelin-exec:__mye12405_myl0_20
0.0,90499,220,411.4,383.5,291,1753,138.0,PushPop,myelin-exec:__mye12435_myl0_90
0.0,89014,220,404.6,349.5,290,2782,218.5,PushPop,myelin-exec:__mye12503_myl0_190
0.0,88852,220,403.9,368.0,301,2450,160.1,PushPop,myelin-exec:__mye12411_myl0_41
0.0,88335,220,401.5,380.5,288,747,80.7,PushPop,myelin-exec:__mye12459_myl0_149
0.0,87148,220,396.1,388.5,282,673,81.5,PushPop,myelin-exec:__mye12423_myl0_73
0.0,86894,220,395.0,367.5,310,1632,143.8,PushPop,myelin-exec:__mye12417_myl0_62
0.0,86626,220,393.8,377.0,325,602,48.2,PushPop,myelin-exec:__mye12493_myl0_196
0.0,86407,220,392.8,370.0,312,1334,96.7,PushPop,myelin-exec:__mye12469_myl0_160
0.0,86184,220,391.7,361.5,278,2035,158.7,PushPop,myelin-exec:__mye12427_myl0_77
0.0,85525,220,388.8,357.0,302,1445,127.4,PushPop,myelin-exec:__mye12483_myl0_185
0.0,85087,220,386.8,371.0,294,1080,78.5,PushPop,myelin-exec:__mye12443_myl0_106
0.0,84982,220,386.3,346.0,290,1514,135.0,PushPop,myelin-exec:__mye12463_myl0_153
0.0,83857,220,381.2,359.0,290,1786,113.0,PushPop,myelin-exec:__mye12425_myl0_75
0.0,83677,220,380.4,350.5,303,1570,115.2,PushPop,myelin-exec:__mye12477_myl0_168
0.0,83555,220,379.8,337.0,281,1458,146.4,PushPop,myelin-exec:__mye12471_myl0_163
0.0,82934,220,377.0,341.0,291,1404,117.7,PushPop,myelin-exec:__mye12479_myl0_177
0.0,82366,220,374.4,345.0,298,1415,113.3,PushPop,myelin-exec:__mye12455_myl0_142
0.0,81207,220,369.1,345.0,290,1722,133.2,PushPop,myelin-exec:__mye12487_myl0_127
0.0,80620,220,366.5,345.0,291,1370,90.6,PushPop,myelin-exec:__mye12447_myl0_115
0.0,80597,220,366.4,335.0,287,1444,142.3,PushPop,myelin-exec:__mye12497_myl0_200
0.0,80104,220,364.1,342.0,279,1489,93.0,PushPop,myelin-exec:__mye12433_myl0_88
0.0,80086,220,364.0,332.5,289,1096,87.2,PushPop,myelin-exec:__mye12467_myl0_159
0.0,78526,220,356.9,336.5,284,1450,104.0,PushPop,myelin-exec:__mye12441_myl0_104
0.0,78213,220,355.5,324.5,277,1665,133.0,PushPop,myelin-exec:__mye12515_myl0_205
0.0,77331,220,351.5,321.0,271,1287,127.5,PushPop,myelin-exec:__mye12507_myl0_212
0.0,76721,220,348.7,325.5,279,1646,103.1,PushPop,myelin-exec:__mye12511_myl0_207
0.0,76534,220,347.9,302.0,160,3084,281.1,StartEnd,myelin-exec:myelinTensorGetInputMemoryBatch
0.0,75664,220,343.9,325.5,264,1569,99.3,PushPop,myelin-exec:__mye12501_myl0_203
0.0,75655,220,343.9,319.0,278,1273,100.8,PushPop,myelin-exec:__mye12491_myl0_195
0.0,75298,220,342.3,308.0,271,1671,133.2,PushPop,myelin-exec:__mye12499_myl0_202
0.0,75289,220,342.2,324.0,259,987,65.8,PushPop,myelin-exec:__mye12485_myl0_186
0.0,75222,220,341.9,332.0,283,528,46.4,PushPop,myelin-exec:__mye12449_myl0_120
0.0,74410,220,338.2,312.5,271,1460,110.9,PushPop,myelin-exec:__mye12495_myl0_199
0.0,73770,220,335.3,320.0,267,598,51.0,PushPop,myelin-exec:__mye12473_myl0_164
0.0,73536,220,334.3,290.0,247,2938,228.0,PushPop,myelin-exec:__mye12445_myl0_108
0.0,72774,220,330.8,303.0,248,1891,133.2,PushPop,myelin-exec:__mye12437_myl0_92
0.0,72632,220,330.1,304.0,248,2789,175.2,PushPop,myelin-exec:__mye12413_myl0_43
0.0,70998,220,322.7,296.0,251,1635,104.1,PushPop,myelin-exec:__mye12429_myl0_79
0.0,70944,220,322.5,298.0,251,1229,111.4,PushPop,myelin-exec:__mye12481_myl0_178
0.0,70389,220,319.9,292.0,245,1222,101.6,PushPop,myelin-exec:__mye12461_myl0_151
0.0,70363,220,319.8,303.5,249,495,51.6,PushPop,myelin-exec:__mye12505_myl0_213
0.0,69768,220,317.1,301.0,269,589,50.0,PushPop,myelin-exec:__mye12475_myl0_166
0.0,69544,220,316.1,287.0,246,1393,109.9,PushPop,myelin-exec:__mye12509_myl0_214
0.0,68873,220,313.1,287.0,251,1246,102.0,PushPop,myelin-exec:exit^bb^signal^2_myl0_219
0.0,68527,220,311.5,285.0,246,1321,103.6,PushPop,myelin-exec:__mye12513_myl0_215
0.0,68425,220,311.0,296.5,246,535,54.1,PushPop,myelin-exec:__mye12421_myl0_66
0.0,66665,220,303.0,281.0,243,1368,85.8,PushPop,myelin-exec:__mye12453_myl0_124
0.0,65286,220,296.8,271.0,244,1161,78.8,PushPop,myelin-exec:__mye12517_myl0_216
0.0,64163,220,291.6,270.0,231,1206,89.4,PushPop,myelin-exec:exit^bb^wait^2_myl0_220
0.0,50375,220,229.0,206.0,145,600,73.7,StartEnd,myelin-exec:myelinTensorGetOutputMemoryBatch
0.0,34998,220,159.1,104.5,70,3871,336.0,StartEnd,myelin-exec:myelinTensorSetOutputMemoryBatch
0.0,34682,220,157.6,122.5,68,2835,192.5,StartEnd,myelin-exec:myelinTensorSetInputMemoryBatch
0.0,1750,1,1750.0,1750.0,1750,1750,0.0,StartEnd,:myelinBinaryGraphCreate
0.0,1060,1,1060.0,1060.0,1060,1060,0.0,StartEnd,:compilerInitialize
0.0,663,1,663.0,663.0,663,663,0.0,StartEnd,myelin-exec:myelinGraphResolveShapes 
0.0,596,1,596.0,596.0,596,596,0.0,StartEnd,:compilerDeinitialize
