Time (%),Total Time (ns),Num Calls,Avg (ns),Med (ns),Min (ns),Max (ns),StdDev (ns),Name
44.2,145245767,566,256618.0,44598.5,396,756661,303071.2,cudaStreamSynchronize
19.4,63876621,33880,1885.4,1797.0,1489,23490,525.8,cuLaunchKernelEx
16.0,52623229,240,219263.5,214900.0,190080,300152,22787.4,cudaMemcpy
15.3,50299456,202,249007.2,232727.5,355,2703499,175552.9,cudaMemcpyAsync
2.0,6430586,1,6430586.0,6430586.0,6430586,6430586,0.0,cudaMallocAsync_v11020
0.6,1967929,7040,279.5,217.0,150,5905,274.6,cuEventRecord
0.6,1863797,7480,249.2,207.0,142,5293,177.2,cuStreamWaitEvent
0.4,1363862,60,22731.0,21242.0,11191,98115,11958.6,cuModuleLoadData
0.3,1144875,18,63604.2,57458.5,30918,114621,22153.0,cuModuleLoadFatBinary
0.3,1059415,76,13939.7,11205.0,5208,99825,14247.5,cuModuleUnload
0.2,511871,1,511871.0,511871.0,511871,511871,0.0,cudaHostAlloc
0.1,480508,10,48050.8,36202.5,2012,145396,52781.6,cudaMalloc
0.1,326862,15,21790.8,11614.0,428,107114,27979.5,cudaFree
0.1,245495,12,20457.9,2351.5,912,159912,46536.4,cudaStreamCreate
0.1,193560,17,11385.9,1339.0,1093,60708,18037.2,cudaStreamCreateWithFlags
0.1,177621,1,177621.0,177621.0,177621,177621,0.0,cudaFreeHost
0.1,175567,1794,97.9,76.0,41,3210,122.9,cuGetProcAddress_v2
0.0,145606,220,661.8,617.0,440,2121,188.2,cudaStreamIsCapturing_v10000
0.0,78390,2,39195.0,39195.0,6120,72270,46775.1,cudaMemGetInfo
0.0,69646,29,2401.6,1620.0,926,10535,2041.2,cudaStreamDestroy
0.0,63851,5,12770.2,11092.0,129,31194,12713.8,cudaMemsetAsync
0.0,28537,5,5707.4,2131.0,709,21695,8982.0,cudaDeviceSynchronize
0.0,15019,2,7509.5,7509.5,5214,9805,3246.3,cudaEventRecord
0.0,14453,22,657.0,461.0,276,2626,509.2,cudaEventDestroy
0.0,13755,51,269.7,222.0,185,1549,215.3,cudaOccupancyMaxActiveClusters_v11070
0.0,11616,22,528.0,383.0,259,1661,399.1,cudaEventCreateWithFlags
0.0,7048,33,213.6,183.0,84,659,104.9,cuEventDestroy_v2
0.0,6067,79,76.8,68.0,40,212,34.1,cuFuncGetModule
0.0,5597,27,207.3,163.0,126,1198,203.3,cuOccupancyMaxActiveClusters
0.0,4930,33,149.4,96.0,83,1592,260.1,cuEventCreate
0.0,4574,6,762.3,408.0,312,2032,691.0,cuInit
0.0,4206,1,4206.0,4206.0,4206,4206,0.0,cudaFreeAsync_v11020
0.0,4014,4,1003.5,600.5,58,2755,1250.7,cudaGetDeviceProperties_v12000
0.0,3682,7,526.0,89.0,36,2433,888.1,cuModuleGetLoadingMode
0.0,3295,3,1098.3,873.0,767,1655,485.0,cudaOccupancyAvailableDynamicSMemPerBlock_v10200
0.0,2938,1,2938.0,2938.0,2938,2938,0.0,cudaStreamWaitEvent
0.0,1576,2,788.0,788.0,513,1063,388.9,cuCtxSetCurrent
0.0,844,2,422.0,422.0,144,700,393.2,cuOccupancyAvailableDynamicSMemPerBlock
0.0,628,3,209.3,166.0,163,299,77.7,cudaGetDriverEntryPointByVersion_v12050
